<?xml version="1.0" encoding="UTF-8" standalone="yes"?>
<addon id="plugin.video.movixws"                                                                                                                                    
	   name="Movix Live"                                                 
	   version="1.5.8"
	   provider-name="Movix">
  <requires>
  
	<import addon="script.module.requests"/>
	<import addon="script.module.resolveurl" version="5.0.00"/>
 
	
  </requires>
  <extension point="xbmc.python.pluginsource"
            library="default.py">
        <provides>video</provides>
  </extension>
  <extension point="xbmc.addon.metadata">
	<reuselanguageinvoker>true</reuselanguageinvoker>
    <summary lang="he">Movix Live</summary>
    <description lang="he">Movix Live</description>
    <platform>all</platform>
	<assets>
            <icon>icon.png</icon>
            <fanart>fanart.jpg</fanart>
    </assets>
  </extension>
  
</addon>